id,breed
000bec180eb18c7604dcecc8fe0dba07,boston_bull
001513dfcb2ffafc82cccf4d8bbaba97,dingo
001cdf01b096e06d78e9e5112d419397,pekinese
00214f311d5d2247d5dfe4fe24b2303d,bluetick
0021f9ceb3235effd7fcde7f7538ed62,golden_retriever
002211c81b498ef88e1b40b9abf84e1d,bedlington_terrier
00290d3e1fdd27226ba27a8ce248ce85,bedlington_terrier
002a283a315af96eaea0e28e7163b21b,borzoi
003df8b8a8b05244b1d920bb6cf451f9,basenji
0042188c895a2f14ef64a918ed9c7b64,scottish_deerhound
004396df1acd0f1247b740ca2b14616e,shetland_sheepdog
0067dc3eab0b3c3ef0439477624d85d6,walker_hound
00693b8bc2470375cc744a6391d397ec,maltese_dog
006cc3ddb9dc1bd827479569fcdc52dc,bluetick
0075dc49dab4024d12fafe67074d8a81,norfolk_terrier
00792e341f3c6eb33663e415d0715370,african_hunting_dog
007b5a16db9d9ff9d7ad39982703e429,wire-haired_fox_terrier
007b8a07882822475a4ce6581e70b1f8,redbone
007ff9a78eba2aebb558afea3a51c469,lakeland_terrier
008887054b18ba3c7601792b6a453cc3,boxer
008b1271ed1addaccf93783b39deab45,doberman
008ba178d6dfc1a583617470d19c1673,otterhound
009509be3ca7cce0ff9e37c8b09b1125,otterhound
0097c6242c6f3071762d9f85c3ef1b2f,bedlington_terrier
00a338a92e4e7bf543340dc849230e75,dingo
00a366d4b4a9bbb6c8a63126697b7656,golden_retriever
00a862390341c5be090dd72bd2bc19ef,standard_schnauzer
00b7d114bc5166a629a3cc03d9329120,irish_water_spaniel
00ba244566e36e0af3d979320fd3017f,black-and-tan_coonhound
00bee065dcec471f26394855c5c2f3de,cairn
00ca18751837cd6a22813f8e221f7819,affenpinscher
00cc68a50b2d016a6b29af628ea4e04b,labrador_retriever
00ddcec076073cc96f82c27bf4548fbc,ibizan_hound
00e9ed3fab1d2032603d1a90e557976f,english_setter
00f34ac0a16ef43e6fd1de49a26081ce,walker_hound
00fa641312604199831755f96109fde7,weimaraner
00fda6ecca54efbac26e907be4b0b78b,giant_schnauzer
0100f55e4f0fe28f2c0465d3fc4b9897,golden_retriever
010d65bd29d246aea53d9849da142ccf,boston_bull
010e87fdf252645a827e37470e65e842,groenendael
011761e3ae8ec5e188e8f0bcb59bb8b6,lakeland_terrier
011bd7fd7c036dbb243d0e37329c77b7,irish_water_spaniel
011e06760794850c40f23d6426c40774,dhole
0120343862761d052d6a7ade81625c94,dingo
01268f0007876a692907bda89468184c,affenpinscher
012ff2d21dad14452ea16b4cda7eef4c,toy_poodle
013aed490e0e15a8989e12ae0d0ccfaa,border_terrier
013c43f40f0fb13fa25ac0c2a70fd48f,lakeland_terrier
013f8fdf6d638c7bb042f5f17e8a9fdc,tibetan_terrier
0140b05bfc2fd43f2819fab3d8566109,norwegian_elkhound
014c2b0cd8e3b517e649cecf8543b8fe,african_hunting_dog
0159b6457aac89f43d1c1931cdf7500b,irish_water_spaniel
015b363b062f602e7ec04ce28e640d05,walker_hound
015b4aa50dd9b4a0d26dc0c38f41b489,irish_water_spaniel
015d86b2fcb36f0fdfbe94a66c0e3400,wire-haired_fox_terrier
0161847d5bfae154af084993fa26a1a7,giant_schnauzer
0162107acd8f2588c0944b791d61bb0c,affenpinscher
0162b3e0144fb1d1ab82fbff3ace9938,shih-tzu
01680178ca6664294efb493a46014a82,irish_terrier
0169294085e94d1250587b38e4fbb532,kuvasz
016bcdb05e2d0e0878877df21b8c3cff,german_shepherd
0177a92a906192bfde8adbb8a237e524,greater_swiss_mountain_dog
018aae5768833c34e3df30d63429251e,basset
0192d7174233ebdb3d720000413829ac,australian_terrier
019c92d1ff56deb9d75d809a92bc84d8,schipperke
019ff93e03802e661577b5869e099dcb,rhodesian_ridgeback
01a3b064c56edbe3abf55051b16134d4,irish_setter
01a41985ab8209e750588fa348d635be,appenzeller
01b09bdac592b0eb9909dd105314ad3a,german_shepherd
01b35a06b00e4a832b935cf8d51303c1,bloodhound
01b36cb1b80ab8c3a7d2b7128ad21bdc,samoyed
01b6c2bd3053535a58d8de763cf06aa0,miniature_schnauzer
01b849a7e4fbc545f6b2806cb87ab371,brittany_spaniel
01c230ec18eed427cf5b1db1a833024d,english_setter
01d0f3692e576b3cde511285352aed4a,kelpie
01de1f7b7b4465a6d130a56746af66a6,papillon
01dffcb02d6cba7d2b101fcc93daa6f1,border_collie
01e2245b46eb747260ff80f1c892daef,brittany_spaniel
01e4d3d1cb704ed819bce35d22e716a7,appenzeller
01e787576c003930f96c966f9c3e1d44,scottish_deerhound
01ee3c7ff9bcaba9874183135877670e,entlebucher
01f397f16fb2d7d76fdbce4e2207c1a3,collie
01f429667104c0c5a5f321700f15435c,malamute
01f8540fb1084107a6eb3e528f82c1aa,welsh_springer_spaniel
0206c12e8984e3c8a166cc272de25d6f,chihuahua
0207803a6ce1bfad98e7f095c965e44a,border_terrier
020ecfccf3c900b01ce831abbf20b485,saluki
0214e2d616ec7eb7cb0d8c19a7f29e70,weimaraner
021b5a49189665c0442c19b5b33e8cf1,entlebucher
0229677aec75183a16de9d6f6658fae2,irish_terrier
022b34fd8734b39995a9f38a4f3e7b6b,maltese_dog
0234695e7a548e2ad1b2ac91d6486c1c,bloodhound
023e4e28415506e0deddcbd8f8bdab29,pug
0246f44bb123ce3f91c939861eb97fb7,standard_schnauzer
024ecfa590271db8616bfaa59159d7b2,malinois
024fc0be976885d5cfcf6770239a9001,english_setter
024fd994941146f8dfdb38a9b2b74efd,wire-haired_fox_terrier
02508e76981e1ba059d785704b4c480c,pug
0255a5bca3b9d91d4fdba8d7419b5e69,lakeland_terrier
025bab46ddcde249d5c52c660fea6d26,boxer
025d903b457b865fd29424916e42fbc2,rhodesian_ridgeback
0264c5fcaaba5e31082395476447b254,komondor
0267c5f1acbab52ae4a7927e0398612b,airedale
0270276158566af50ef48b1284c998d6,wire-haired_fox_terrier
02777bdfcf9f1a593af768e6616df4b3,english_setter
0287b3374c33346e2b41f73af3a36261,leonberg
029202b0cf0b5d6d48c6ce7b432409ef,giant_schnauzer
0294b42910cb8a8d8340e45d8aaf2953,mexican_hairless
0296633efc21006e3ce2af7eaeff04f7,irish_terrier
029ed6af5dcadfd105db9271e12ede14,rhodesian_ridgeback
02a3edc1d6aae095185131fe185478e0,saluki
02a8ed20109bd62bd5894f276c08c8a2,leonberg
02ad779f2721db9364d3bb68f5580582,bull_mastiff
02b1c50fb7315423a664f3ce68c94e30,dingo
02c48781eff39a66ae6dd8626e35809e,irish_setter
02c90d8109d9a48739b9887349d92b1f,airedale
02cc0d7c8b7b513b4325bda30dce222d,brittany_spaniel
02d45a238621c3f2cbde5c1d173ead1e,bull_mastiff
02d54f0dfb40038765e838459ae8c956,bernese_mountain_dog
02df8523833c432f90071f86dff69a8f,bluetick
02dfcd0a24a9c41070f4f94b4c9933ff,irish_terrier
02e7b5a86cec57f5935374946d4f5dc1,irish_terrier
02eef0f899b81ddf27a42641bc8db9ee,entlebucher
02ef5f19db8cf4da62016a1067bdc548,welsh_springer_spaniel
02f07e7e51662336a9d8c775a4eac5f4,miniature_schnauzer
02f3d5fd1eea0a2e6f4742bc54b51ba9,american_staffordshire_terrier
02f6152a9401568d695234d33bb6c37d,miniature_schnauzer
02ff77af410e966b7b661f6f0789d947,golden_retriever
0310a425f26d797634aadeb66bd63ef1,rhodesian_ridgeback
0311a6a51a414ba91f3ad8055170baa1,lhasa
0314048edbd08c8c50eb3c93281bd043,pekinese
031d3353588a81b42bcae74ff19571b0,cardigan
0325e6ba5b6afd3e0dd94c3a77b6de59,italian_greyhound
032620ae0f847d957d94d1fd76cb17e8,dhole
0326344e0d5181130c28d25edd5627e4,clumber
0326d40cc2b35521f1f3e73cabcf2a23,lakeland_terrier
032c14b2df4193004913b01ab48f87c6,border_collie
0341e3d7a4624d6a7b061fdc25b69044,irish_setter
0345638400c47bbd920474672562077e,scotch_terrier
03564fbb4aba93dd80e5c7cd76f28d28,walker_hound
035b459eb52acba2ae75bed041b368fe,groenendael
035f28d8ad34afaf7c8d276d6674bf8f,shih-tzu
035fe39454c2ddb2f6a37146cacf0ac0,border_terrier
0360d42966d191a5db4c4bb2e8c66229,lhasa
0365fe4e3e13a885c6b02ebbbf2d9173,cairn
0374e657c8b3b55579751adcaa7c8023,irish_setter
0379145880ad3978f9b80f0dc2c03fba,afghan_hound
037ac6cbd9c96d70e68917aa059b6aab,old_english_sheepdog
039bdddd8546f0fafdf984b810d1138b,saint_bernard
039e61713398f27d027480e4bd0056d1,leonberg
03ae71ff9e4c5ac97afdfa956ea5e191,borzoi
03b0e7ace52c10dc4878f60307cdebe3,saint_bernard
03b7320cf8054e57b499e01d1cde0644,walker_hound
03b9ab173e5862580909fee10f0ea46d,miniature_pinscher
03bc1c631e57ba87c85b98efd0912c00,bedlington_terrier
03bda5c85206a273eb978c7b9483df5f,eskimo_dog
03c1557464297ffffc8da977c4db7e68,standard_schnauzer
03c81a2e78dc915bc515fcb8aafd2f6f,cairn
03ca2c79345f4c27232ed5b0dc2821c2,otterhound
03cae0a6700c5cc4900e576034361e7a,groenendael
03da788cc7e5c111575daf04e7e3910c,toy_poodle
03dc61595ad9dbf49e3998cf586ca8cb,scottish_deerhound
03dd99e068f1f2283011cc305f5aaa9f,irish_wolfhound
03ddfa6f292b49e14ed6be5c58246701,malamute
03dfefdb2939388f7ca9578cb7c4a2b9,maltese_dog
03e1d2ee5fd90aef036c90a9e7f81177,bernese_mountain_dog
03eb844e1d5aa5addaab20298b1b70c3,greater_swiss_mountain_dog
03edf850d74d43b2587991ecb673fb33,scotch_terrier
03f2301867ca4d744773c4c06aa61d3c,borzoi
03f2f64aebc483ef8e5e17aba7311aa6,brabancon_griffon
03f5b638b8f1c83d3097786e40992ff9,toy_terrier
03f6435dc8a5e760d19e67831c6034fb,chow
040fef64640b89c53f161b6c5215b78b,affenpinscher
041a54577da744348d4da8094e882cd9,flat-coated_retriever
041b3b8a40b587a486276ac15edd9eaf,samoyed
041d0d6a8d110b35a3795dd5c68f9a36,american_staffordshire_terrier
0428e1ae313156ec06dc42096cf1372c,norwegian_elkhound
042e83e82315bada78f2681d030b0d28,bull_mastiff
042ecd9a978c2ee48d17f7f781621ac9,collie
0434ddceef3eea9c757c8e9557a2d698,english_setter
0440acb104d7346ccc9bba0716603f6a,norwich_terrier
0440e760e55c4d6bed536fbc0273801a,soft-coated_wheaten_terrier
044644ffbec4b6d402eb824532478811,african_hunting_dog
044d904b00ce11cec6e493226c39a4e2,staffordshire_bullterrier
044efbf8ab3e7195b8ea3c92ef0d48df,black-and-tan_coonhound
044f7e60953230fa45e4367073d96693,clumber
0450c3899b7ca7cac31406a52c7bc74e,soft-coated_wheaten_terrier
0457342c36e7e7d103fa4b286a1d62f8,english_foxhound
045d421a681a7da04ff668992a8b4c3e,gordon_setter
045ea2f41120606e2c5ae1315cebfb46,siberian_husky
046b28d8ac6f7beb3f63159ecaf4cbb6,papillon
046d8f04a5a42872774110c6a2db1224,doberman
047d9a7dc7205c76e5487d6fc5f4a666,ibizan_hound
0484a6cc686a07e1edacd0fb44b1d965,affenpinscher
0486732311e9d60e8712f1dc33c4ebe0,bloodhound
0490b67cb414d527d6c21052b1e3b5dd,welsh_springer_spaniel
0496d4170e295688e8d6929b239dd4fb,border_terrier
049a406bfac63012d757167c084ced1b,siberian_husky
04a191172e090876d3f180fc318038f0,malinois
04a3f5dc6d985601f354ab4434645d83,greater_swiss_mountain_dog
04b5834c3a969c6308ce157c547bb313,basenji
04be608c9c005d9aa0224fe08554e4be,siberian_husky
04c3bdfec0c7f082c7e697c26be9e020,bloodhound
04cce0cd53c6f01d242a49e43de513a1,clumber
04d2dc1f2804c748b1aa71954bb45d38,newfoundland
04d3a777baa532f7558a860393c4537f,newfoundland
04d4918090b0c2a7b965ff58f13b2ecf,cardigan
04d50b0dce8b8ee9544d9602df85f722,bluetick
04d5d382a8a02d68859850dc282d3ac4,doberman
04d6fe2d5ad29be79083e5c9cf3d9b0d,welsh_springer_spaniel
04dea47b883acca9bd57c7ea2930524f,old_english_sheepdog
04e370c8510638ca969a716822444085,komondor
04e3bb77c15c18fc1ac101d86d612f46,miniature_pinscher
04ea8788cfa17d01c87ea4cdaa0a330d,briard
04f59d1b6887cf10e6fd897514623cf3,chesapeake_bay_retriever
04f69d645182d799dbb54862c19c0f38,groenendael
04f9e2da4b6f5adb9b9d62eba66ba991,airedale
04fb4d719e9fe2b6ffe32d9ae7be8a22,bernese_mountain_dog
050073020e80e4935b53df8d786c8612,dandie_dinmont
050c59e2063923106443e9fd81683088,chesapeake_bay_retriever
0512c1a59449a9c8c83c95722028ac90,basset
05134ea3341a1f4f460168e68ec5765d,bernese_mountain_dog
0518691772e78ac6805bf006993665a4,rhodesian_ridgeback
052675b01ae0a4b62e090923d131f4ff,black-and-tan_coonhound
053106ed091eac5e129225315ef6cfcb,maltese_dog
0543510e763cbf8fc771a097ffda9984,bedlington_terrier
054f069e01a809b23a9da31dd8f4841e,chesapeake_bay_retriever
055429c6fb404af27ac52a08216e6cda,shih-tzu
055cfac66e5d67756ab05d02baeeb04c,great_pyrenees
0566a60d7504a6fad4161d0ef2765a34,beagle
0569f1d79637070f70ca4a62ec510792,saluki
056b535b441278e83839984f1b1da0a6,scottish_deerhound
056c314f2a7d119447af259a07eb31df,vizsla
05719b998e57a11b863a322ecc7652a5,scottish_deerhound
058ea5b467d08ed978658dc1ad85fb7d,maltese_dog
05934390044791b8fd2dd2ba9c0b4b36,appenzeller
0593e37870ee77b0d34508e118bf6670,italian_greyhound
059513b85ae976a6f591f71bbaae49bf,eskimo_dog
059a86d50634c78d5a18f918cb0b3f0d,afghan_hound
05a05cf4c8d6a4f3f780a9112a11999b,german_shepherd
05a5e6f6b575688dc304ae72635db7b6,italian_greyhound
05a747c5853defa2420b976a9c0918a2,bluetick
05b5e17b96409ca6db51edaf28bd3bdc,west_highland_white_terrier
05bac66dfae763fb86ab6360bd3c6f5f,kerry_blue_terrier
05beb3230462b740e5c56230eb27a7a4,kerry_blue_terrier
05c128c8e3ef0c2739f181f9c5677f56,australian_terrier
05cab78114abb08afcda78ee70222edd,english_foxhound
05d6e6de49a6999e56de23c4608af441,saluki
05e25c8ec67962c2ef4dd7b0f6aa3918,african_hunting_dog
05e3dfffd0b0dca56e6b1d4686e1a6c2,west_highland_white_terrier
05e93a5604440b065143c81be16cd395,whippet
05f59d40acf74affda3c8940ba192f42,leonberg
05fbe54802ffb6d6256abb93381f5cf4,appenzeller
060112a1a77217039de21f7d0963929d,dhole
060b163b5ad74c889c47b9f421825cdb,dingo
061592707868d5ced7ee050cb383072d,soft-coated_wheaten_terrier
061a378e68e8734682ea9c04a572e2ab,norwich_terrier
061e9891cd5e77345e3cff761c12db4d,norfolk_terrier
062131c6c38a1e485091c8c3329d9638,shih-tzu
06223770cd0968a5fa81b2898e65e34a,border_collie
06412667e714332186d0cf86375e98fb,border_terrier
06448bf4366760660b6a7611d93d7533,bernese_mountain_dog
064dff92e5654a8679f8971a027a4040,sealyham_terrier
06538c8ad646eb2ebbbbdda1c8174899,afghan_hound
0653d31ae648e2a6628ee3f440729361,basset
06557d54077c5265ecdcd7273c9c38ca,shih-tzu
0672592809da7574a87ddcd0ba2f315d,standard_schnauzer
0672befac9ea0c8fe82c37b5a634d87c,welsh_springer_spaniel
068314c65cbe67fa4f57283f4f3a801c,standard_poodle
0685bcc6cdaa954771379d95d339baf6,pekinese
06ab2182c2a958a5f0de2035f39a0fa7,great_pyrenees
06ba5a21442ba19190bfe7bfa9def11c,groenendael
06bd6a364e68b886c085b9b8b8d2b818,flat-coated_retriever
06c47d61293f2bb51a94040bb4b20799,italian_greyhound
06c4dbc5b0ea3674bbc752c4ce76819a,irish_setter
06cceae049531cdb98fe67d912aa58a8,toy_poodle
06cd8e3fbfe72c34461814239e1deab8,keeshond
06ce71ab05143b1fe45ba8eeba2e97e4,pug
06d2d84b936225e6c853a0453cb9c878,redbone
06d80d6a7aba8bc48606a285bbad0697,boxer
06e548623971fbdf8c80b0614f811f50,toy_poodle
06faa041b335551e3ccf3c239d006425,basenji
0700d58c82bafe9c4edc81f902178e76,airedale
07096719a671e1737b829bd1a88f1dbf,english_foxhound
0709abee3095717f43db409dd7ce769b,wire-haired_fox_terrier
070e8ff540cc8113939ae5dba4a24f80,chesapeake_bay_retriever
071652f5f5d0bf00983c075e96ad725f,japanese_spaniel
0718d39d59d9e3b134446440d69b2058,weimaraner
07192213791150248bfb5bbe6b0b0373,basset
0724948de3506f43cda65804efe79b9b,miniature_poodle
072aa9d6100187288ef00316c8bcdd66,soft-coated_wheaten_terrier
073b9a44c4761fa0792943b61b9c812c,toy_poodle
073f0821a0842917e6e97ab322bd63f2,basenji
0743bfe9525b7a6310a297b11b7e154a,doberman
07466e87275ed10056a9d2cbb4c733d8,leonberg
0755a940eac9a9b8cf0328b4be062096,boston_bull
075a28044780636f48d8571f1d32f73d,bull_mastiff
076d31a2f676671e4427cc485b9d2918,clumber
0773acd6874a703b966367d4d27cac71,kuvasz
07751d1687e0233ff638889d8b365709,whippet
0779e164a5bed1119e36e622107c6a77,pomeranian
079509ceab0968ce07cffa0df479f1b0,doberman
079a7ad36b46704c28d88c4aa183c28e,english_foxhound
079f6255a19fdbaa75fb2a902bca894c,clumber
07a0214fa84969b5256bf7d20f1b3a9b,siberian_husky
07a215abb3ff16fd19a5b832c8f3408b,chesapeake_bay_retriever
07b46335006fbbe0328aeb8213b874ce,curly-coated_retriever
07b5288a0bb8b9cf1a42d281a9451e51,irish_water_spaniel
07bbf36ce2c7407751219804b3d187ec,yorkshire_terrier
07c7389196b5dde668d740089f9ebc22,boxer
07d1dd1576b5e95f448c1213b6812c40,italian_greyhound
07d6e906eb95f24c53eb92ecc2d47783,pug
07d7cfbdbd3682cae50902b53c798028,boston_bull
07ddc3c2188164b1e72ae6615a24419a,airedale
07e103146c1f4513647ddb9614210320,cairn
07e12e8064b6b17a94608ba5fd78a72e,pembroke
07ebe25829d387cef30160285d50e232,labrador_retriever
07eeb2ef42c6b260684e8cb8e8c4ba70,tibetan_terrier
07f1b6214597af2f04a27c375a602a0c,otterhound
07f95d08b40f1402abdab79b1f834e4c,old_english_sheepdog
080073330bb8954505340cf18159fbb8,shetland_sheepdog
08098e0a4074f62169ab53f7efe40da2,pomeranian
080ebefee69f27243b185c113052963e,cardigan
080ec59213ed7425b7f8c169955bb9d0,japanese_spaniel
0811e959c0fa3b1c7af6be4f645a9464,papillon
08149eb72785553570f74a6effea8d7e,american_staffordshire_terrier
081ee1793b0e0027f8cccf9dc4513d53,miniature_pinscher
0822709f6f6ea0be1928f52b8eecbc2f,cardigan
0825e8471e3c9a14dc341bdd8630f05e,golden_retriever
083820e6dda52da4c0f200ac36f582dc,yorkshire_terrier
084c4f43ecc2630587de6c3e543525c3,shetland_sheepdog
084f941981c326f26ea77158fb449c57,pekinese
08571d6bb5ecf6c9b7a145dc24043088,dandie_dinmont
0857307dddb1b41288887ef2338af6df,collie
085b26edb3ee9688d41c4293aafe0162,irish_wolfhound
085faff5f472098801b371f077b2dc8b,basset
0861355ea326a82de3aab420d4276e5b,whippet
086e8ca78ec3303a8f06df003ecb6612,chow
08774c223487c1c880b447aae6a7e0b2,norwegian_elkhound
08782eb5ac167ca5f8feaccb519e9b4e,cairn
087b211f15ad8095ba90c0be54c1c30d,great_dane
087cd02ca089fc0f30841a6a89e3a619,american_staffordshire_terrier
08829c00da02dea80eb491122989492f,afghan_hound
0883e6cc994d9ba90592f400d502d838,bloodhound
0891ce3700686a8df5b4bd711be44ea9,kelpie
0895dd35b3afa2a4f8a0b6f3ad98134a,sealyham_terrier
089bce55f74e34940b3782e11c1bd2b5,borzoi
089fd270df9e42e3f741452a4e437dc5,chihuahua
08af52c888b0f5735c3ced810771601d,blenheim_spaniel
08b49c79fafad70a23c770b1fcaa89ba,komondor
08e4013c0ddc710c57d1d188bf7c0cfe,blenheim_spaniel
08e5e75d29184a82a9dada752c9c4afb,chow
08e99ed86b0ce429fef52a8ca33e1551,eskimo_dog
08ea655aa168d87806340c336d07f1c9,dhole
08ed3bf636ad906f5ddea9ebda22ff98,briard
09037f0995111a413fd8e976f3680f09,redbone
091306dd0d110a677fe0de1ad066f160,sealyham_terrier
092220a7a8081144a7485efb6c087fe2,papillon
09288e5c39391b780412561163b10bf5,afghan_hound
092c2cdbf133b201d7d56969bfbcc8f6,miniature_schnauzer
093a146e173a3fd9ea650b87f08d6222,samoyed
093fc67079701f48bd1d2e52a684ed9e,curly-coated_retriever
09438173067ccee8d4a1a45f2f8a8eb6,redbone
0943d1d4677ab876b52468096baaa2ce,english_foxhound
0944fbca92fad9a38af10b3d1943cb54,miniature_pinscher
09477e5059ebb15cad5f37fb3b9b1889,border_collie
094b97e52d00895fbf6769724e1b0e7d,miniature_pinscher
0959e919604a931fc1ae379b7a75911a,irish_wolfhound
095d868f796f86c8258750365a04f2cd,japanese_spaniel
0964a2558fc9aa293a6a934d49f64968,silky_terrier
0964e161b379740955fa95d8d4c8697e,sussex_spaniel
0974b614b86b829821067bd0b1808b8c,ibizan_hound
097ef8eca8fc340249b0bbc2b745972c,blenheim_spaniel
098333d51970304787c7061f3e683c5b,great_pyrenees
098c50d7ba4f07d9aba8c6162aa70b50,shetland_sheepdog
098c722479a8288c57b545781d5c54bd,german_short-haired_pointer
098dc5e173d21c229e6ee565d7666b10,whippet
0990fe6be15d9d556eac8712db3c8094,basenji
09927a82d649607a7704ac6043cdfa9a,west_highland_white_terrier
0995f642fe4baab3cb3534725dfedb75,australian_terrier
0998eda08cdb14648e444c15f06658af,kuvasz
099b068027c41251d29f75a311cc5e5c,french_bulldog
09a1ea62ffa4b9389c03162bb0b0b572,saint_bernard
09a6fd935dd1a4dee29b97885cfa9318,miniature_poodle
09beb7445a14486752bd25f69e952ebc,african_hunting_dog
09c986f317783fb5ae091b334e79ac5a,pomeranian
09d497888fd1e6745f67a78269139620,malamute
09d7cc03f9e9730bda53b4a590351838,papillon
09ea184490e5da33eb3d851ee6361941,redbone
0a001d75def0b4352ebde8d07c0850ae,komondor
0a077ea0c8fa54d95f75e690b2c8196b,otterhound
0a0c223352985ec154fd604d7ddceabd,kuvasz
0a135c5ee55edf4bd9631d4e15264788,komondor
0a1b0b7df2918d543347050ad8b16051,newfoundland
0a1f8334a9f583cac009dc033c681e47,kerry_blue_terrier
0a27d304c96918d440e79e6e9e245c3f,west_highland_white_terrier
0a3f1898556115d6d0931294876cd1d9,lhasa
0a409042dd36b2c8293c67d4d4ea9ef9,sealyham_terrier
0a4116a80e753f7b0adf4149f551a3a7,kelpie
0a65ba3ab9b29c66e15cec76f34eca6f,mexican_hairless
0a6706f7864eb8871913f0e4ba07a61e,samoyed
0a688b0783f472c84bbfe1c56efea1c6,mexican_hairless
0a6c192b96e55e2ca37318919b1ffae6,collie
0a70f64352edfef4c82c22015f0e3a20,west_highland_white_terrier
0a77d498ff491945347bb895d8ae4008,samoyed
0a783538d5f3aaf017b435ddf14cc5c2,french_bulldog
0a7899ed6a15f4af8f28e01c9c44dcfe,miniature_poodle
0a7f8d31c960071d0d4cfba36c0159c7,brittany_spaniel
0a86c8b48bddb0155645f3a27f48292f,bouvier_des_flandres
0a8b6985bbe58a58909b5ef0a7d5a1aa,tibetan_mastiff
0a9322a30aff755dac328022266e3740,australian_terrier
0a96f376d746b191fcc6e4812a603f7f,dandie_dinmont
0a9832b18d360f50f5b3b2ab4c540ddc,collie
0a9f8c6ceadfff61072a565311777655,cardigan
0a9f8f6543d0b33fe9474035dd5323ef,briard
0aa31d6ecdb95ac7d3b7fa42b86bd91b,old_english_sheepdog
0ab12906ac3a87b531c574a15e79c58a,curly-coated_retriever
0ab8d4c80ae4e6bbeacd66fb7e52b851,pomeranian
0ab9cdefc666573f8019356ffefe0c69,sussex_spaniel
0ac12e1849fd51b2158d16b8f5e75551,german_shepherd
0acfee91dd38e53a20dd1488a17e9af9,keeshond
0adfec2804a1efe41f54758cd87cec01,border_collie
0afb0d170c66aed12805f838041411ce,tibetan_mastiff
0afc7d87053cb44a529c78c0fac99886,tibetan_terrier
0b1b49b8cf679eb3e2fb13ca6deba9b5,appenzeller
0b1e71a499a26eaacc06991bca982523,vizsla
0b2d69f59303805f17055bd59615a297,english_springer
0b345d4f2434903c374ad8b8513a289b,malamute
0b3d3120a62c2bc280f589d473041d06,boston_bull
0b465156a0844773fd47ce40d0dcc7db,kuvasz
0b5604e1cdfcb595ceb36424126a3e09,irish_wolfhound
0b6239db9b1649fe2f513357c82931aa,gordon_setter
0b6c5bc46b7a0e29cddfa45b0b786d09,cocker_spaniel
0b86485ef980b0b4999e7ede1f90999e,great_dane
0b9d58d8d2626f80bbc5cc3ccf7e8bad,beagle
0bac7ab4e3b6c7a5331067827cda04e6,entlebucher
0bbe00ace11a4dd944b8bcf8ca9772c1,labrador_retriever
0be845d1fe8a0ad6da6ffa454ab33e8a,newfoundland
0bedbecd92390ef9f4f7c8b06a629340,irish_wolfhound
0bf36935030d2b842b86526bdb367ff1,ibizan_hound
0bf89dcb09d8c76be568f17811664560,briard
0c0bca6e79cc323669da06bab0013b12,mexican_hairless
0c19867277e6c96ad8f487b4fe343ff9,malamute
0c207c7af2d1ef71dc61434f04d00cdf,chow
0c286c574ef09562c123dafe5ce6ac23,keeshond
0c3b282ecbed1ca9eb17de4cb1b6e326,english_springer
0c4ac597d196aaf07f3af039b8fd6925,vizsla
0c64a816fcd8aa13dbd4e874307bad51,old_english_sheepdog
0c71084d955bfca989d865cbcf8cf8ae,japanese_spaniel
0c71338af3f3a8c068ec28b5f6b8f8ae,dhole
0c8fe33bd89646b678f6b2891df8a1c6,schipperke
0c9fc0f58a6724ca680c76785a452bba,siberian_husky
0cb1bf12ae0fd5f681ae579c2a28ccd8,yorkshire_terrier
0cb5839c82f7c1286e55f260d4e608c4,standard_poodle
0cbdda18846cd014dcb0e18fa67f3f98,kerry_blue_terrier
0cdd66f35d9b7d8b0a98a4d506396c0d,blenheim_spaniel
0ce7dd8b119184e91088336ec6973d53,blenheim_spaniel
0cf285cc3f1625bd80288cd6b7ddb7e0,cocker_spaniel
0d1d7bacd20ef921e9b3fce6d9b9f9f0,german_short-haired_pointer
0d2dc4f72cc5d6d26055989b217a2450,pekinese
0d2f9e12a2611d911d91a339074c8154,bouvier_des_flandres
0d303784e6740e5de249e1f2078a7b4b,brabancon_griffon
0d37ea8a209eb60e9c03eaedf3fd5384,kerry_blue_terrier
0d4e09456d9ebfdb076e34326586f18e,brittany_spaniel
0d579f92d60935a54aa6dba6e6213257,dandie_dinmont
0d693ab130c18e15f923f59eb102def9,scotch_terrier
0d6bab298a320221f08c49c701d3e06f,entlebucher
0d82788cd302dba65793ea68f55cc649,flat-coated_retriever
0d83fbe9ab3684226edd81a13411bdf8,chow
0d8d386390ba269dd4e475c20b91e8f9,pembroke
0daad4c8568dd89f295f6c3837b772df,silky_terrier
0dc3196b4213a2733d7f4bdcd41699d3,cocker_spaniel
0dc45e3e57bbcfccc550479d57b39951,australian_terrier
0dc7954749dc0224639be29aba3f1708,norfolk_terrier
0dd7b725203b91c30ca4f796d168e6ba,borzoi
0dde7ba887ee083616993d5892db139f,standard_schnauzer
0df07a23ab97135ce7d390f2d12e388d,silky_terrier
0df4124761f7303a0080d50377f2ec7b,norfolk_terrier
0dff1edc6643df0d8ea6e0c5ca63b133,staffordshire_bullterrier
0e0e44349e6955bea9fea91de26a6980,briard
0e1ac042292a573ecd0ec71b3b646997,norfolk_terrier
0e1fcfa1796f8c54b9fa4b56a3a1fc4e,gordon_setter
0e33a6b9235d5cbb8712daf0abbd0007,great_pyrenees
0e3cdff3560de43a8aa1d9820c211fae,boxer
0e403e86dc961d59fec94dfb62968a53,pug
0e47c35f24067b19557e15fcfd48778c,gordon_setter
0e532335572b91360975154c90381689,miniature_poodle
0e6e4b104e3cdf4c1963d74a27390f8e,norwich_terrier
0e756365807ec27c6dfd944ba5b442b3,norwegian_elkhound
0e7856dbcebb2268b839888c7972e8fb,malinois
0e934073a6b9505c0ded4e34437ca538,schipperke
0e94678bb5498dc6df640553bf3a1b2f,brabancon_griffon
0ea78b024dc3955332d3ddb08b8e50f0,beagle
0eac90a6621ecbf97adfec04596b77a3,tibetan_mastiff
0eafdcc7628b2c74983819f40c763c2f,tibetan_terrier
0eb00c6fc429ecc2cf8745a6334594ad,standard_poodle
0eb297c3d5f6cc93371f02f4ed35879c,cocker_spaniel
0eb6e0f872b393654bea530bfc2cac1d,cocker_spaniel
0ebfd68f64bd750fca790f0b40d69481,giant_schnauzer
0ec6e2d3078a83ccc3f7fd5a4ac01e3e,ibizan_hound
0ef07f4a6706a04af9ff354e263a28b3,beagle
0ef80d6c4d739faaae8d3cc08c696c54,beagle
0f0effd9b5d25fdab84c2a8ae17d6deb,bouvier_des_flandres
0f26d3f7ff65d0713f36cd8cfe6c7a5f,tibetan_terrier
0f5dd4999e44100d74f68c789f3edc54,keeshond
0f6d2d6c124fb61ba7c59ef8dbd42c99,labrador_retriever
0f74df5d1c925541eb1b3031a82a5cb8,keeshond
0f7c32eb17dce55860772c983f557e3c,miniature_poodle
0f7db98cbd6f6537c0ac3dfad349b182,chihuahua
0f91ba06bfea7401f59c6d796717029d,silky_terrier
0f91c68e2088b8d45950cdde991f37d1,chihuahua
0f976e55b3634296183b2b1c051d5bda,yorkshire_terrier
0fa302727af44e7ad8033825cea98d7c,yorkshire_terrier
0fa361cea0655e945970cd4762355ac0,saluki
0fa7d7d2e948948c67919565a380ad45,norwegian_elkhound
0fb1454104deee316f52244bb2037b37,bull_mastiff
0fc4930f411a11df34283f349d891654,pembroke
0fdfc060cdbaf30f356ffb4946df4580,curly-coated_retriever
0fe613c90931a021ad3716dcb9a5f270,japanese_spaniel
0ff07d44f992eec7f0b5452875255c80,labrador_retriever
1006967db8c3d015cb0d272c4ae623a5,vizsla
100965db7a00c9752519e342ce9baf99,gordon_setter
102fe645c59f482cbc771c01cfff3ff9,pembroke
103e4b4c0ebb0e8dabe6d47970fb546b,greater_swiss_mountain_dog
1066d43c5f952120ec355bb56459228a,bouvier_des_flandres
1081c1b755f05b219275afd0989c6748,newfoundland
1083fffa8c174aa1a46627f53e1e50f8,great_dane
10b7de79c1ce32cb8928616b00c3686e,norwich_terrier
10c132cf556fc31a60c0f07e0d416a6c,staffordshire_bullterrier
10c9288e30af850676d34c18fb7c1632,scotch_terrier
10c9ac7d54eaf2a4ed12883125afa4e2,great_pyrenees
10ebf7599dd41ded00fd74bdfeada500,whippet
10f1d53bb20d5acc7c8772018399c238,dandie_dinmont
10f7757fdc673e159e47ea20834ba551,curly-coated_retriever
1116f9aa5db9ee09090115d09f327093,bouvier_des_flandres
113c17f9199d16d1a9a1b16e3740ef78,staffordshire_bullterrier
1143bb719660680ac0174ce68dc16773,schipperke
11476f28c0143a77c536b597a177abc9,malinois
1158819241bb6eee2c1ff790a885ecf3,miniature_schnauzer
1165dd8264b3998810065ab9e3cecb3b,greater_swiss_mountain_dog
11730ea41395edaaa3a80d757c7dd1c2,silky_terrier
1177d2702335c889d4c1456e45e3d2ef,weimaraner
118089e60763cbdba239cac747a54a6e,rottweiler
11a508588bc3dec81bd4ce4913f963cd,american_staffordshire_terrier
11c3b389906a9302def1e873c9f9b6c9,flat-coated_retriever
11e572c36d23d362ff987d7f8828dd45,scotch_terrier
11f1e40f11ca1babbcc547c5c98a1a3c,rottweiler
123c19c8d168e7704273cb7174351821,vizsla
123ffeb6b374097856bffdd11b693668,soft-coated_wheaten_terrier
12a2e809d7f15298050f3798c018c395,lhasa
12a9f1c02202a020fe9e51fc46dc780f,toy_terrier
12bd4b1926c160fcd73ae48215e2b12d,german_short-haired_pointer
12d1b8763a1b74c7e40c65b005f91ea9,french_bulldog
12db63491c6590c8ef38dc1824aa4b81,staffordshire_bullterrier
1312009d41a9488bf5dc0af0289b0657,german_short-haired_pointer
1312d2ca6f4bfd594624f7161be73ee7,eskimo_dog
131ccf48aba2dc53174c170b2429e55b,mexican_hairless
1321d074e879267699d42fdca77b4004,german_shepherd
1381239a87d5a97caab8d0cf72a06e75,giant_schnauzer
1399f1e08abd77f1b736303d4101d51c,malinois
139b8328a97a600cceb73b0875f80a98,toy_terrier
13d42ef52eb6c649c14cb9ffa8b6fba4,kelpie
13e2d0cb1fa62d3085be6877bd7e85cb,pomeranian
13ea49cd2b706ec9a15e7214e492bbb2,schipperke
143d5305a4055398828d5b7e3aa8f75b,great_dane
1465759436b4acd2748dd50108b90ca9,lhasa
146fcb253fd7b73b2c9f20d91a49f400,chihuahua
1476da6f7fc9421c8ec3c0aba6b3e1bf,black-and-tan_coonhound
14cbd6c6c6550fa1306c8d4f7cf1a840,toy_terrier
14cffe576239620f1733dfe487dbaa6f,tibetan_mastiff
14e9a6d002632db71a18283fc024f086,saint_bernard
151f312fa21196af9b53b0e77baa3a06,brabancon_griffon
15305c67da0838b92b90c66526cef5aa,shetland_sheepdog
153bbd70025d2738418176e6ab7fedd0,flat-coated_retriever
1553cf296f4d83f015a07afde78fd747,sealyham_terrier
158274c7a5b030a2e8462a55159bdfc4,brabancon_griffon
1586326d52312228c20c3599feb72d7a,pembroke
15f8b879f8660fece35ed760345fa9dd,eskimo_dog
160160c8ac562966448486906cb56308,standard_poodle
16265434d841173019be215bea5d8097,saint_bernard
162a3de12cc110679a921dc49dd38fc8,black-and-tan_coonhound
164a194e9bf8819523235879eb0c2698,weimaraner
16da5fc3f2c4273902da11aafc13456e,toy_terrier
16df5020c2b6ac3f70fb3a5c27c5175e,german_short-haired_pointer
16fdb4a145a7f5695a264ba980e23bc3,norwich_terrier
181e91cb6caf6739478d06231faa053d,sussex_spaniel
18a44f4dc15b555f67e0e9f1b7aa0613,tibetan_mastiff
19299f2fae5ea3f66ee61b38d97167d0,english_springer
19fb6b46c01c27f8cdc3b8245875707f,sussex_spaniel
1a73a13d9f2afa549299a725ab564ab9,sussex_spaniel
1a791138acb17fa1d719b4870a61dad9,english_springer
1a9e5726b767281f2d5b2ed8aa593e23,kelpie
1ae80c7e781d72681bc8e582a703919d,standard_poodle
1bdd7be5d86db9f293136bc94338e667,rottweiler
1be0f5da239e9c76a8b3693b2ff8c67f,rottweiler
1ce3cf17de2be8876ade2790d6ee5282,english_springer
1d92a0059bd7c969d0ad0e00c3c6d7ba,great_dane
1f6ae325f91713701c9ae3d8ea6714fd,rottweiler
201fe1c7b5c0c513c42d1a1ba350d4df,french_bulldog
205d07a4d180e8fad81b27f02436571c,french_bulldog
